id,firstname,lastname,age
1,Victor,Hernando,26
2,Laura,Martínez,34
3,Juan,Gómez,29
4,Andrea,Rodríguez,31
5,Carlos,Sánchez,28
6,Marta,López,23
7,Diego,Pérez,35
8,Lucía,Romero,27
9,Alberto,Fernández,32
10,Sofía,Ruiz,30
11,Daniel,Torres,25
12,Paula,Jiménez,24
13,José,Moreno,33
14,Claudia,Ortiz,29
15,Fernando,García,40
16,Cristina,Herrera,22
17,Antonio,Vargas,31
18,María,Ramos,26
19,Jorge,Díaz,37
20,Ana,Núñez,21
21,Pablo,Castro,28
22,Elena,Alonso,27
23,Raúl,Molina,34
24,Patricia,Navarro,30
25,Sergio,Iglesias,36
26,Teresa,Delgado,23
27,Adrián,Soler,25
28,Victoria,Montes,29
29,Iván,Bautista,32
30,Inés,Mendoza,26
31,Roberto,Blanco,35
32,Nuria,Guerrero,24
33,Ángel,Cano,31
34,Isabel,Flores,28
35,Miguel,Lara,30
36,Alicia,Reyes,27
37,Ramón,Paredes,33
38,Silvia,Muñoz,29
39,Felipe,Salas,38
40,Esther,Benítez,25
41,Luis,Escribano,36
42,Sandra,Caballero,22
43,Guillermo,Aguilar,34
44,Julia,Gil,27
45,Óscar,Valero,28
46,Rosa,Aranda,26
47,Vicente,Crespo,37
48,Beatriz,Domínguez,23
49,Emilio,Vega,32
50,Carolina,Rosales,24